date,covidCases,BTCUSD
2017-08-28,,4382.6601562
2017-08-29,,4579.0200195
2017-08-30,,4565.2998047
2017-08-31,,4703.3901367
2017-09-01,,4892.0097656
2017-09-02,,4578.7700195
2017-09-03,,4582.9599609
2017-09-04,,4236.3100586
2017-09-05,,4376.5297852
2017-09-06,,4597.1201172
2017-09-07,,4599.8798828
2017-09-08,,4228.75
2017-09-09,,4226.0600586
2017-09-10,,4122.9399414
2017-09-11,,4161.2700195
2017-09-12,,4130.8100586
2017-09-13,,3882.5900879
2017-09-14,,3154.9499512
2017-09-15,,3637.5200195
2017-09-16,,3625.0400391
2017-09-17,,3582.8798828
2017-09-18,,4065.1999512
2017-09-19,,3924.9699707
2017-09-20,,3905.9499512
2017-09-21,,3631.0400391
2017-09-22,,3630.6999512
2017-09-23,,3792.3999023
2017-09-24,,3682.8400879
2017-09-25,,3926.0700684
2017-09-26,,3892.3500977
2017-09-27,,4200.6699219
2017-09-28,,4174.7299805
2017-09-29,,4163.0698242
2017-09-30,,4338.7099609
2017-10-01,,4403.7402344
2017-10-02,,4409.3198242
2017-10-03,,4317.4799805
2017-10-04,,4229.3598633
2017-10-05,,4328.4101562
2017-10-06,,4370.8100586
2017-10-07,,4426.8901367
2017-10-08,,4610.4799805
2017-10-09,,4772.0200195
2017-10-10,,4781.9902344
2017-10-11,,4826.4799805
2017-10-12,,5446.9101562
2017-10-13,,5647.2099609
2017-10-14,,5831.7900391
2017-10-15,,5678.1899414
2017-10-16,,5725.5898438
2017-10-17,,5605.5097656
2017-10-18,,5590.6899414
2017-10-19,,5708.5200195
2017-10-20,,6011.4501953
2017-10-21,,6031.6000977
2017-10-22,,6008.4199219
2017-10-23,,5930.3198242
2017-10-24,,5526.6401367
2017-10-25,,5750.7998047
2017-10-26,,5904.8300781
2017-10-27,,5780.8999023
2017-10-28,,5753.0898438
2017-10-29,,6153.8500977
2017-10-30,,6130.5297852
2017-10-31,,6468.3999023
2017-11-01,,6767.3100586
2017-11-02,,7078.5
2017-11-03,,7207.7597656
2017-11-04,,7379.9501953
2017-11-05,,7407.4101562
2017-11-06,,7022.7597656
2017-11-07,,7144.3798828
2017-11-08,,7459.6899414
2017-11-09,,7143.5800781
2017-11-10,,6618.1401367
2017-11-11,,6357.6000977
2017-11-12,,5950.0698242
2017-11-13,,6559.4902344
2017-11-14,,6635.75
2017-11-15,,7315.5400391
2017-11-16,,7871.6899414
2017-11-17,,7708.9902344
2017-11-18,,7790.1499023
2017-11-19,,8036.4902344
2017-11-20,,8200.6396484
2017-11-21,,8071.2597656
2017-11-22,,8253.5498047
2017-11-23,,8038.7700195
2017-11-24,,8253.6904297
2017-11-25,,8790.9199219
2017-11-26,,9330.5498047
2017-11-27,,9818.3496094
2017-11-28,,10058.7998047
2017-11-29,,9888.6103516
2017-11-30,,10233.5996094
2017-12-01,,10975.5996094
2017-12-02,,11074.5996094
2017-12-03,,11323.2001953
2017-12-04,,11657.2001953
2017-12-05,,11916.7001953
2017-12-06,,14291.5
2017-12-07,,17899.6992188
2017-12-08,,16569.4003906
2017-12-09,,15178.2001953
2017-12-10,,15455.4003906
2017-12-11,,16936.8007812
2017-12-12,,17415.4003906
2017-12-13,,16408.1992188
2017-12-14,,16564.0
2017-12-15,,17706.9003906
2017-12-16,,19497.4003906
2017-12-17,,19140.8007812
2017-12-18,,19114.1992188
2017-12-19,,17776.6992188
2017-12-20,,16624.5996094
2017-12-21,,15802.9003906
2017-12-22,,13831.7998047
2017-12-23,,14699.2001953
2017-12-24,,13925.7998047
2017-12-25,,14026.5996094
2017-12-26,,16099.7998047
2017-12-27,,15838.5
2017-12-28,,14606.5
2017-12-29,,14656.2001953
2017-12-30,,12952.2001953
2017-12-31,,14156.4003906
2018-01-01,,13657.2001953
2018-01-02,,14982.0996094
2018-01-03,,15201.0
2018-01-04,,15599.2001953
2018-01-05,,17429.5
2018-01-06,,17527.0
2018-01-07,,16477.5996094
2018-01-08,,15170.0996094
2018-01-09,,14595.4003906
2018-01-10,,14973.2998047
2018-01-11,,13405.7998047
2018-01-12,,13980.5996094
2018-01-13,,14360.2001953
2018-01-14,,13772.0
2018-01-15,,13819.7998047
2018-01-16,,11490.5
2018-01-17,,11188.5996094
2018-01-18,,11474.9003906
2018-01-19,,11607.4003906
2018-01-20,,12899.2001953
2018-01-21,,11600.0996094
2018-01-22,,10931.4003906
2018-01-23,,10868.4003906
2018-01-24,,11359.4003906
2018-01-25,,11259.4003906
2018-01-26,,11171.4003906
2018-01-27,,11440.7001953
2018-01-28,,11786.2998047
2018-01-29,,11296.4003906
2018-01-30,,10106.2998047
2018-01-31,,10221.0996094
2018-02-01,,9170.5400391
2018-02-02,,8830.75
2018-02-03,,9174.9101562
2018-02-04,,8277.0097656
2018-02-05,,6955.2700195
2018-02-06,,7754.0
2018-02-07,,7621.2998047
2018-02-08,,8265.5898438
2018-02-09,,8736.9804688
2018-02-10,,8621.9003906
2018-02-11,,8129.9702148
2018-02-12,,8926.5703125
2018-02-13,,8598.3095703
2018-02-14,,9494.6298828
2018-02-15,,10166.4003906
2018-02-16,,10233.9003906
2018-02-17,,11112.7001953
2018-02-18,,10551.7998047
2018-02-19,,11225.2998047
2018-02-20,,11403.7001953
2018-02-21,,10690.4003906
2018-02-22,,10005.0
2018-02-23,,10301.0996094
2018-02-24,,9813.0703125
2018-02-25,,9664.7304688
2018-02-26,,10366.7001953
2018-02-27,,10725.5996094
2018-02-28,,10397.9003906
2018-03-01,,10951.0
2018-03-02,,11086.4003906
2018-03-03,,11489.7001953
2018-03-04,,11512.5996094
2018-03-05,,11573.2998047
2018-03-06,,10779.9003906
2018-03-07,,9965.5703125
2018-03-08,,9395.0097656
2018-03-09,,9337.5498047
2018-03-10,,8866.0
2018-03-11,,9578.6298828
2018-03-12,,9205.1201172
2018-03-13,,9194.8496094
2018-03-14,,8269.8095703
2018-03-15,,8300.8603516
2018-03-16,,8338.3496094
2018-03-17,,7916.8798828
2018-03-18,,8223.6796875
2018-03-19,,8630.6503906
2018-03-20,,8913.4697266
2018-03-21,,8929.2802734
2018-03-22,,8728.4697266
2018-03-23,,8879.6201172
2018-03-24,,8668.1201172
2018-03-25,,8495.7802734
2018-03-26,,8209.4003906
2018-03-27,,7833.0400391
2018-03-28,,7954.4799805
2018-03-29,,7165.7001953
2018-03-30,,6890.5200195
2018-03-31,,6973.5297852
2018-04-01,,6844.2299805
2018-04-02,,7083.7998047
2018-04-03,,7456.1098633
2018-04-04,,6853.8398438
2018-04-05,,6811.4702148
2018-04-06,,6636.3198242
2018-04-07,,6911.0898438
2018-04-08,,7023.5200195
2018-04-09,,6770.7299805
2018-04-10,,6834.7597656
2018-04-11,,6968.3198242
2018-04-12,,7889.25
2018-04-13,,7895.9599609
2018-04-14,,7986.2402344
2018-04-15,,8329.1103516
2018-04-16,,8058.6699219
2018-04-17,,7902.0898438
2018-04-18,,8163.4199219
2018-04-19,,8294.3095703
2018-04-20,,8845.8300781
2018-04-21,,8895.5800781
2018-04-22,,8802.4599609
2018-04-23,,8930.8798828
2018-04-24,,9697.5
2018-04-25,,8845.7402344
2018-04-26,,9281.5097656
2018-04-27,,8987.0498047
2018-04-28,,9348.4804688
2018-04-29,,9419.0800781
2018-04-30,,9240.5498047
2018-05-01,,9119.0097656
2018-05-02,,9235.9199219
2018-05-03,,9743.8603516
2018-05-04,,9700.7597656
2018-05-05,,9858.1503906
2018-05-06,,9654.7998047
2018-05-07,,9373.0097656
2018-05-08,,9234.8203125
2018-05-09,,9325.1796875
2018-05-10,,9043.9404297
2018-05-11,,8441.4902344
2018-05-12,,8504.8896484
2018-05-13,,8723.9404297
2018-05-14,,8716.7900391
2018-05-15,,8510.3798828
2018-05-16,,8368.8300781
2018-05-17,,8094.3198242
2018-05-18,,8250.9697266
2018-05-19,,8247.1796875
2018-05-20,,8513.25
2018-05-21,,8418.9902344
2018-05-22,,8041.7797852
2018-05-23,,7557.8198242
2018-05-24,,7587.3398438
2018-05-25,,7480.1401367
2018-05-26,,7355.8798828
2018-05-27,,7368.2202148
2018-05-28,,7135.9902344
2018-05-29,,7472.5898438
2018-05-30,,7406.5200195
2018-05-31,,7494.1699219
2018-06-01,,7541.4501953
2018-06-02,,7643.4501953
2018-06-03,,7720.25
2018-06-04,,7514.4702148
2018-06-05,,7633.7597656
2018-06-06,,7653.9799805
2018-06-07,,7678.2402344
2018-06-08,,7624.9199219
2018-06-09,,7531.9799805
2018-06-10,,6786.0200195
2018-06-11,,6906.9199219
2018-06-12,,6582.3598633
2018-06-13,,6349.8999023
2018-06-14,,6675.3500977
2018-06-15,,6456.5800781
2018-06-16,,6550.1601562
2018-06-17,,6499.2700195
2018-06-18,,6734.8198242
2018-06-19,,6769.9399414
2018-06-20,,6776.5498047
2018-06-21,,6729.7402344
2018-06-22,,6083.6899414
2018-06-23,,6162.4799805
2018-06-24,,6173.2299805
2018-06-25,,6249.1801758
2018-06-26,,6093.6699219
2018-06-27,,6157.1298828
2018-06-28,,5903.4399414
2018-06-29,,6218.2998047
2018-06-30,,6404.0
2018-07-01,,6385.8198242
2018-07-02,,6614.1801758
2018-07-03,,6529.5898438
2018-07-04,,6597.5498047
2018-07-05,,6639.1401367
2018-07-06,,6673.5
2018-07-07,,6856.9301758
2018-07-08,,6773.8798828
2018-07-09,,6741.75
2018-07-10,,6329.9501953
2018-07-11,,6394.7099609
2018-07-12,,6228.8100586
2018-07-13,,6238.0498047
2018-07-14,,6276.1201172
2018-07-15,,6359.6401367
2018-07-16,,6741.75
2018-07-17,,7321.0400391
2018-07-18,,7370.7797852
2018-07-19,,7466.8598633
2018-07-20,,7354.1298828
2018-07-21,,7419.2900391
2018-07-22,,7418.4902344
2018-07-23,,7711.1098633
2018-07-24,,8424.2695312
2018-07-25,,8181.3901367
2018-07-26,,7951.5800781
2018-07-27,,8165.0097656
2018-07-28,,8192.1503906
2018-07-29,,8218.4599609
2018-07-30,,8180.4799805
2018-07-31,,7780.4399414
2018-08-01,,7624.9101562
2018-08-02,,7567.1499023
2018-08-03,,7434.3901367
2018-08-04,,7032.8500977
2018-08-05,,7068.4799805
2018-08-06,,6951.7998047
2018-08-07,,6753.1201172
2018-08-08,,6305.7998047
2018-08-09,,6568.2299805
2018-08-10,,6184.7099609
2018-08-11,,6295.7299805
2018-08-12,,6322.6899414
2018-08-13,,6297.5698242
2018-08-14,,6199.7099609
2018-08-15,,6308.5200195
2018-08-16,,6334.7299805
2018-08-17,,6580.6298828
2018-08-18,,6423.7597656
2018-08-19,,6506.0698242
2018-08-20,,6308.5297852
2018-08-21,,6488.7597656
2018-08-22,,6376.7099609
2018-08-23,,6534.8798828
2018-08-24,,6719.9599609
2018-08-25,,6763.1899414
2018-08-26,,6707.2597656
2018-08-27,,6884.6401367
2018-08-28,,7096.2797852
2018-08-29,,7047.1601562
2018-08-30,,6978.2299805
2018-08-31,,7037.5800781
2018-09-01,,7193.25
2018-09-02,,7272.7202148
2018-09-03,,7260.0600586
2018-09-04,,7361.6601562
2018-09-05,,6792.8300781
2018-09-06,,6529.1699219
2018-09-07,,6467.0698242
2018-09-08,,6225.9799805
2018-09-09,,6300.8598633
2018-09-10,,6329.7001953
2018-09-11,,6321.2001953
2018-09-12,,6351.7998047
2018-09-13,,6517.3100586
2018-09-14,,6512.7099609
2018-09-15,,6543.2001953
2018-09-16,,6517.1801758
2018-09-17,,6281.2001953
2018-09-18,,6371.2998047
2018-09-19,,6398.5400391
2018-09-20,,6519.6699219
2018-09-21,,6734.9501953
2018-09-22,,6721.9799805
2018-09-23,,6710.6298828
2018-09-24,,6595.4101562
2018-09-25,,6446.4702148
2018-09-26,,6495.0
2018-09-27,,6676.75
2018-09-28,,6644.1298828
2018-09-29,,6601.9599609
2018-09-30,,6625.5600586
2018-10-01,,6589.6201172
2018-10-02,,6556.1000977
2018-10-03,,6502.5898438
2018-10-04,,6576.6899414
2018-10-05,,6622.4799805
2018-10-06,,6588.3100586
2018-10-07,,6602.9501953
2018-10-08,,6652.2299805
2018-10-09,,6642.6401367
2018-10-10,,6585.5297852
2018-10-11,,6256.2402344
2018-10-12,,6274.5800781
2018-10-13,,6285.9902344
2018-10-14,,6290.9301758
2018-10-15,,6596.5400391
2018-10-16,,6596.1098633
2018-10-17,,6544.4301758
2018-10-18,,6476.7099609
2018-10-19,,6465.4101562
2018-10-20,,6489.1899414
2018-10-21,,6482.3500977
2018-10-22,,6487.1601562
2018-10-23,,6475.7402344
2018-10-24,,6495.8398438
2018-10-25,,6476.2900391
2018-10-26,,6474.75
2018-10-27,,6480.3798828
2018-10-28,,6486.3901367
2018-10-29,,6332.6298828
2018-10-30,,6334.2700195
2018-10-31,,6317.6098633
2018-11-01,,6377.7797852
2018-11-02,,6388.4399414
2018-11-03,,6361.2597656
2018-11-04,,6376.1298828
2018-11-05,,6419.6601562
2018-11-06,,6461.0097656
2018-11-07,,6530.1401367
2018-11-08,,6453.7202148
2018-11-09,,6385.6201172
2018-11-10,,6409.2202148
2018-11-11,,6411.2700195
2018-11-12,,6371.2700195
2018-11-13,,6359.4902344
2018-11-14,,5738.3500977
2018-11-15,,5648.0297852
2018-11-16,,5575.5498047
2018-11-17,,5554.3300781
2018-11-18,,5623.5400391
2018-11-19,,4871.4902344
2018-11-20,,4451.8701172
2018-11-21,,4602.1699219
2018-11-22,,4365.9399414
2018-11-23,,4347.1098633
2018-11-24,,3880.7600098
2018-11-25,,4009.9699707
2018-11-26,,3779.1298828
2018-11-27,,3820.7199707
2018-11-28,,4257.4199219
2018-11-29,,4278.8466797
2018-11-30,,4017.2685547
2018-12-01,,4214.671875
2018-12-02,,4139.8779297
2018-12-03,,3894.1308594
2018-12-04,,3956.8937988
2018-12-05,,3753.994873
2018-12-06,,3521.1018066
2018-12-07,,3419.9372559
2018-12-08,,3476.1147461
2018-12-09,,3614.234375
2018-12-10,,3502.6560059
2018-12-11,,3424.5881348
2018-12-12,,3486.9501953
2018-12-13,,3313.6772461
2018-12-14,,3242.4848633
2018-12-15,,3236.7617188
2018-12-16,,3252.8391113
2018-12-17,,3545.8647461
2018-12-18,,3696.059082
2018-12-19,,3745.9506836
2018-12-20,,4134.4414062
2018-12-21,,3896.5437012
2018-12-22,,4014.1826172
2018-12-23,,3998.9802246
2018-12-24,,4078.5991211
2018-12-25,,3815.4907227
2018-12-26,,3857.2976074
2018-12-27,,3654.8334961
2018-12-28,,3923.9187012
2018-12-29,,3820.4086914
2018-12-30,,3865.9526367
2018-12-31,,3742.7004395
2019-01-01,,3843.5200195
2019-01-02,,3943.4094238
2019-01-03,,3836.7412109
2019-01-04,,3857.7175293
2019-01-05,,3845.1945801
2019-01-06,,4076.6325684
2019-01-07,,4025.248291
2019-01-08,,4030.8479004
2019-01-09,,4035.2963867
2019-01-10,,3678.9245605
2019-01-11,,3687.3654785
2019-01-12,,3661.3010254
2019-01-13,,3552.953125
2019-01-14,,3706.0522461
2019-01-15,,3630.675293
2019-01-16,,3655.0068359
2019-01-17,,3678.5639648
2019-01-18,,3657.8393555
2019-01-19,,3728.5683594
2019-01-20,,3601.0136719
2019-01-21,,3576.0324707
2019-01-22,,3604.5771484
2019-01-23,,3585.1230469
2019-01-24,,3600.8654785
2019-01-25,,3599.7658691
2019-01-26,,3602.4604492
2019-01-27,,3583.9658203
2019-01-28,,3470.4504395
2019-01-29,,3448.1169434
2019-01-30,,3486.1816406
2019-01-31,,3457.7927246
2019-02-01,,3487.9453125
2019-02-02,,3521.060791
2019-02-03,,3464.0134277
2019-02-04,,3459.1540527
2019-02-05,,3466.3574219
2019-02-06,,3413.7678223
2019-02-07,,3399.4716797
2019-02-08,,3666.7802734
2019-02-09,,3671.2036133
2019-02-10,,3690.1882324
2019-02-11,,3648.4306641
2019-02-12,,3653.5285645
2019-02-13,,3632.0705566
2019-02-14,,3616.8808594
2019-02-15,,3620.810791
2019-02-16,,3629.7875977
2019-02-17,,3673.8361816
2019-02-18,,3915.7143555
2019-02-19,,3947.0944824
2019-02-20,,3999.8205566
2019-02-21,,3954.1181641
2019-02-22,,4005.5266113
2019-02-23,,4142.5268555
2019-02-24,,3810.4274902
2019-02-25,,3882.6962891
2019-02-26,,3854.3579102
2019-02-27,,3851.0473633
2019-02-28,,3854.7854004
2019-03-01,,3859.5837402
2019-03-02,,3864.4150391
2019-03-03,,3847.1757812
2019-03-04,,3761.5571289
2019-03-05,,3896.375
2019-03-06,,3903.942627
2019-03-07,,3911.484375
2019-03-08,,3901.1315918
2019-03-09,,3963.3137207
2019-03-10,,3951.5998535
2019-03-11,,3905.2272949
2019-03-12,,3909.15625
2019-03-13,,3906.7172852
2019-03-14,,3924.3691406
2019-03-15,,3960.9111328
2019-03-16,,4048.7258301
2019-03-17,,4025.2290039
2019-03-18,,4032.5073242
2019-03-19,,4071.1901855
2019-03-20,,4087.4763184
2019-03-21,,4029.3269043
2019-03-22,,4023.9682617
2019-03-23,,4035.826416
2019-03-24,,4022.1682129
2019-03-25,,3963.0705566
2019-03-26,,3985.0808105
2019-03-27,,4087.0661621
2019-03-28,,4069.1071777
2019-03-29,,4098.3745117
2019-03-30,,4106.6601562
2019-03-31,,4105.4042969
2019-04-01,,4158.1831055
2019-04-02,,4879.8779297
2019-04-03,,4973.0219727
2019-04-04,,4922.7988281
2019-04-05,,5036.6811523
2019-04-06,,5059.8173828
2019-04-07,,5198.8969727
2019-04-08,,5289.7709961
2019-04-09,,5204.9584961
2019-04-10,,5324.5517578
2019-04-11,,5064.487793
2019-04-12,,5089.5390625
2019-04-13,,5096.5864258
2019-04-14,,5167.722168
2019-04-15,,5067.1083984
2019-04-16,,5235.5595703
2019-04-17,,5251.9379883
2019-04-18,,5298.3857422
2019-04-19,,5303.8125
2019-04-20,,5337.8862305
2019-04-21,,5314.53125
2019-04-22,,5399.3652344
2019-04-23,,5572.3623047
2019-04-24,,5464.8666992
2019-04-25,,5210.515625
2019-04-26,,5279.3481445
2019-04-27,,5268.2910156
2019-04-28,,5285.1391602
2019-04-29,,5247.3525391
2019-04-30,,5350.7265625
2019-05-01,,5402.6972656
2019-05-02,,5505.2836914
2019-05-03,,5768.2895508
2019-05-04,,5831.1674805
2019-05-05,,5795.7084961
2019-05-06,,5746.8071289
2019-05-07,,5829.5014648
2019-05-08,,5982.4575195
2019-05-09,,6174.5288086
2019-05-10,,6378.8491211
2019-05-11,,7204.7714844
2019-05-12,,6972.371582
2019-05-13,,7814.9150391
2019-05-14,,7994.4160156
2019-05-15,,8205.1679688
2019-05-16,,7884.9091797
2019-05-17,,7343.8955078
2019-05-18,,7271.2080078
2019-05-19,,8197.6894531
2019-05-20,,7978.309082
2019-05-21,,7963.3276367
2019-05-22,,7680.0664062
2019-05-23,,7881.8466797
2019-05-24,,7987.371582
2019-05-25,,8052.5439453
2019-05-26,,8673.2158203
2019-05-27,,8805.7783203
2019-05-28,,8719.9619141
2019-05-29,,8659.4873047
2019-05-30,,8319.4726562
2019-05-31,,8574.5019531
2019-06-01,,8564.0166016
2019-06-02,,8742.9580078
2019-06-03,,8208.9951172
2019-06-04,,7707.7709961
2019-06-05,,7824.2314453
2019-06-06,,7822.0234375
2019-06-07,,8043.9511719
2019-06-08,,7954.1279297
2019-06-09,,7688.0771484
2019-06-10,,8000.3295898
2019-06-11,,7927.7143555
2019-06-12,,8145.8574219
2019-06-13,,8230.9238281
2019-06-14,,8693.8330078
2019-06-15,,8838.375
2019-06-16,,8994.4882812
2019-06-17,,9320.3525391
2019-06-18,,9081.7626953
2019-06-19,,9273.5214844
2019-06-20,,9527.1601562
2019-06-21,,10144.5566406
2019-06-22,,10701.6914062
2019-06-23,,10855.3710938
2019-06-24,,11011.1025391
2019-06-25,,11790.9169922
2019-06-26,,13016.2314453
2019-06-27,,11182.8066406
2019-06-28,,12407.3320312
2019-06-29,,11959.3710938
2019-06-30,,10817.1552734
2019-07-01,,10583.1347656
2019-07-02,,10801.6777344
2019-07-03,,11961.2695312
2019-07-04,,11215.4375
2019-07-05,,10978.4599609
2019-07-06,,11208.5507812
2019-07-07,,11450.8466797
2019-07-08,,12285.9580078
2019-07-09,,12573.8125
2019-07-10,,12156.5126953
2019-07-11,,11358.6621094
2019-07-12,,11815.9863281
2019-07-13,,11392.3789062
2019-07-14,,10256.0585938
2019-07-15,,10895.0898438
2019-07-16,,9477.6416016
2019-07-17,,9693.8027344
2019-07-18,,10666.4824219
2019-07-19,,10530.7324219
2019-07-20,,10767.1396484
2019-07-21,,10599.1054688
2019-07-22,,10343.1064453
2019-07-23,,9900.7675781
2019-07-24,,9811.9257812
2019-07-25,,9911.8417969
2019-07-26,,9870.3037109
2019-07-27,,9477.6777344
2019-07-28,,9552.8603516
2019-07-29,,9519.1455078
2019-07-30,,9607.4238281
2019-07-31,,10085.6279297
2019-08-01,,10399.6689453
2019-08-02,,10518.1748047
2019-08-03,,10821.7265625
2019-08-04,,10970.1845703
2019-08-05,,11805.6533203
2019-08-06,,11478.1689453
2019-08-07,,11941.96875
2019-08-08,,11966.4072266
2019-08-09,,11862.9365234
2019-08-10,,11354.0244141
2019-08-11,,11523.5791016
2019-08-12,,11382.6162109
2019-08-13,,10895.8300781
2019-08-14,,10051.7041016
2019-08-15,,10311.5458984
2019-08-16,,10374.3388672
2019-08-17,,10231.7441406
2019-08-18,,10345.8105469
2019-08-19,,10916.0537109
2019-08-20,,10763.2324219
2019-08-21,,10138.0498047
2019-08-22,,10131.0556641
2019-08-23,,10407.9648438
2019-08-24,,10159.9609375
2019-08-25,,10138.5175781
2019-08-26,,10370.8203125
2019-08-27,,10185.5
2019-08-28,,9754.4228516
2019-08-29,,9510.2001953
2019-08-30,,9598.1738281
2019-08-31,,9630.6640625
2019-09-01,,9757.9707031
2019-09-02,,10346.7607422
2019-09-03,,10623.5400391
2019-09-04,,10594.4931641
2019-09-05,,10575.5332031
2019-09-06,,10353.3027344
2019-09-07,,10517.2548828
2019-09-08,,10441.2763672
2019-09-09,,10334.9746094
2019-09-10,,10115.9755859
2019-09-11,,10178.3720703
2019-09-12,,10410.1269531
2019-09-13,,10360.546875
2019-09-14,,10358.0488281
2019-09-15,,10347.7128906
2019-09-16,,10276.7939453
2019-09-17,,10241.2724609
2019-09-18,,10198.2480469
2019-09-19,,10266.4150391
2019-09-20,,10181.6416016
2019-09-21,,10019.7167969
2019-09-22,,10070.3925781
2019-09-23,,9729.3242188
2019-09-24,,8620.5664062
2019-09-25,,8486.9931641
2019-09-26,,8118.9677734
2019-09-27,,8251.8457031
2019-09-28,,8245.9150391
2019-09-29,,8104.1855469
2019-09-30,,8293.8681641
2019-10-01,,8343.2763672
2019-10-02,,8393.0419922
2019-10-03,,8259.9921875
2019-10-04,,8205.9394531
2019-10-05,,8151.5004883
2019-10-06,,7988.1557617
2019-10-07,,8245.6230469
2019-10-08,,8228.7832031
2019-10-09,,8595.7402344
2019-10-10,,8586.4736328
2019-10-11,,8321.7568359
2019-10-12,,8336.5556641
2019-10-13,,8321.0058594
2019-10-14,,8374.6865234
2019-10-15,,8205.3691406
2019-10-16,,8047.5268555
2019-10-17,,8103.9111328
2019-10-18,,7973.2075195
2019-10-19,,7988.5605469
2019-10-20,,8222.078125
2019-10-21,,8243.7207031
2019-10-22,,8078.203125
2019-10-23,,7514.671875
2019-10-24,,7493.4887695
2019-10-25,,8660.7001953
2019-10-26,,9244.9726562
2019-10-27,,9551.7148438
2019-10-28,,9256.1484375
2019-10-29,,9427.6875
2019-10-30,,9205.7265625
2019-10-31,,9199.5849609
2019-11-01,,9261.1044922
2019-11-02,,9324.7177734
2019-11-03,,9235.3544922
2019-11-04,,9412.6123047
2019-11-05,,9342.5273438
2019-11-06,,9360.8798828
2019-11-07,,9267.5615234
2019-11-08,,8804.8808594
2019-11-09,,8813.5820312
2019-11-10,,9055.5263672
2019-11-11,,8757.7880859
2019-11-12,,8815.6621094
2019-11-13,,8808.2626953
2019-11-14,,8708.0947266
2019-11-15,,8491.9921875
2019-11-16,,8550.7607422
2019-11-17,,8577.9755859
2019-11-18,,8309.2861328
2019-11-19,,8206.1455078
2019-11-20,,8027.2680664
2019-11-21,,7642.75
2019-11-22,,7296.5776367
2019-11-23,,7397.796875
2019-11-24,,7047.9169922
2019-11-25,,7146.1337891
2019-11-26,,7218.3710938
2019-11-27,,7531.6635742
2019-11-28,,7463.105957
2019-11-29,,7761.2436523
2019-11-30,,7569.6298828
2019-12-01,,7424.2924805
2019-12-02,,7321.9882812
2019-12-03,,7320.1455078
2019-12-04,,7252.034668
2019-12-05,,7448.3076172
2019-12-06,,7546.996582
2019-12-07,,7556.237793
2019-12-08,,7564.3452148
2019-12-09,,7400.8994141
2019-12-10,,7278.1196289
2019-12-11,,7217.4272461
2019-12-12,,7243.1342773
2019-12-13,,7269.6845703
2019-12-14,,7124.6738281
2019-12-15,,7152.3017578
2019-12-16,,6932.4804688
2019-12-17,,6640.5151367
2019-12-18,,7276.8027344
2019-12-19,,7202.8442383
2019-12-20,,7218.8164062
2019-12-21,,7191.1586914
2019-12-22,,7511.5888672
2019-12-23,,7355.628418
2019-12-24,,7322.5322266
2019-12-25,,7275.1557617
2019-12-26,,7238.9667969
2019-12-27,,7290.0883789
2019-12-28,,7317.9902344
2019-12-29,,7422.652832
2019-12-30,,7292.9951172
2019-12-31,,7193.5991211
2020-01-01,,7200.1743164
2020-01-02,,6985.4702148
2020-01-03,,7344.8842773
2020-01-04,,7410.6567383
2020-01-05,,7411.3173828
2020-01-06,,7769.2192383
2020-01-07,,8163.6923828
2020-01-08,,8079.862793
2020-01-09,,7879.0712891
2020-01-10,,8166.5541992
2020-01-11,,8037.5375977
2020-01-12,,8192.4941406
2020-01-13,,8144.1943359
2020-01-14,,8827.7646484
2020-01-15,,8807.0107422
2020-01-16,,8723.7861328
2020-01-17,,8929.0380859
2020-01-18,,8942.8085938
2020-01-19,,8706.2451172
2020-01-20,,8657.6425781
2020-01-21,1.0,8745.8945312
2020-01-22,1.0,8680.8759766
2020-01-23,1.0,8406.515625
2020-01-24,2.0,8445.4345703
2020-01-25,3.0,8367.8476562
2020-01-26,5.0,8596.8300781
2020-01-27,5.0,8909.8193359
2020-01-28,5.0,9358.5898438
2020-01-29,5.0,9316.6298828
2020-01-30,6.0,9508.9931641
2020-01-31,7.0,9350.5292969
2020-02-01,8.0,9392.875
2020-02-02,11.0,9344.3652344
2020-02-03,11.0,9293.5214844
2020-02-04,11.0,9180.9628906
2020-02-05,12.0,9613.4238281
2020-02-06,12.0,9729.8017578
2020-02-07,12.0,9795.9433594
2020-02-08,12.0,9865.1191406
2020-02-09,12.0,10116.6738281
2020-02-10,13.0,9856.6113281
2020-02-11,13.0,10208.2363281
2020-02-12,14.0,10326.0546875
2020-02-13,15.0,10214.3798828
2020-02-14,15.0,10312.1162109
2020-02-15,15.0,9889.4248047
2020-02-16,15.0,9934.4335938
2020-02-17,25.0,9690.1425781
2020-02-18,25.0,10141.9960938
2020-02-19,25.0,9633.3867188
2020-02-20,27.0,9608.4755859
2020-02-21,30.0,9686.4414062
2020-02-22,30.0,9663.1816406
2020-02-23,30.0,9924.515625
2020-02-24,43.0,9650.1748047
2020-02-25,45.0,9341.7050781
2020-02-26,60.0,8820.5224609
2020-02-27,60.0,8784.4941406
2020-02-28,65.0,8672.4550781
2020-02-29,70.0,8599.5087891
2020-03-01,88.0,8562.4541016
2020-03-02,104.0,8869.6699219
2020-03-03,125.0,8787.7861328
2020-03-04,161.0,8755.2460938
2020-03-05,228.0,9078.7626953
2020-03-06,311.0,9122.5458984
2020-03-07,428.0,8909.9541016
2020-03-08,547.0,8108.1162109
2020-03-09,748.0,7923.6445312
2020-03-10,1018.0,7909.7294922
2020-03-11,1263.0,7911.4301758
2020-03-12,1668.0,4970.7880859
2020-03-13,2224.0,5563.7070312
2020-03-14,2898.0,5200.3662109
2020-03-15,3600.0,5392.3149414
2020-03-16,4507.0,5014.4799805
2020-03-17,5906.0,5225.6293945
2020-03-18,8350.0,5238.4384766
2020-03-19,12393.0,6191.1928711
2020-03-20,18012.0,6198.7783203
2020-03-21,24528.0,6185.0664062
2020-03-22,33073.0,5830.2548828
2020-03-23,43505.0,6416.3149414
2020-03-24,53938.0,6734.8037109
2020-03-25,68572.0,6681.0629883
2020-03-26,85570.0,6716.4404297
2020-03-27,102900.0,6469.7983398
2020-03-28,123966.0,6242.1938477
2020-03-29,142486.0,5922.0429688
2020-03-30,163955.0,6429.8417969
2020-03-31,188461.0,6438.6445312
2020-04-01,215391.0,6606.7763672
2020-04-02,245108.0,6793.6245117
2020-04-03,277426.0,6733.387207
2020-04-04,312525.0,6867.5273438
2020-04-05,338141.0,6791.1293945
2020-04-06,369057.0,7271.78125
2020-04-07,399394.0,7176.4145508
2020-04-08,431214.0,7334.0986328
2020-04-09,465913.0,7302.0893555
2020-04-10,499386.0,6865.4931641
2020-04-11,531106.0,6859.0830078
2020-04-12,558249.0,6971.0917969
2020-04-13,584018.0,6845.0375977
2020-04-14,610709.0,6842.4277344
2020-04-15,640742.0,6642.1098633
2020-04-16,672355.0,7116.8041992
2020-04-17,703864.0,7096.1845703
2020-04-18,732262.0,7257.6650391
2020-04-19,757596.0,7189.4248047
2020-04-20,784991.0,6881.9584961
2020-04-21,810505.0,6880.3232422
2020-04-22,839336.0,7117.2075195
2020-04-23,873112.0,7429.7246094
2020-04-24,909853.0,7550.9008789
2020-04-25,944261.0,7569.9360352
2020-04-26,970996.0,7679.8671875
2020-04-27,994193.0,7795.6010742
2020-04-28,1018844.0,7807.0585938
2020-04-29,1045399.0,8801.0380859
2020-04-30,1075756.0,8658.5537109
2020-05-01,1109726.0,8864.7666016
2020-05-02,1139200.0,8988.5966797
2020-05-03,1165340.0,8897.46875
2020-05-04,1187302.0,8912.6542969
2020-05-05,1211011.0,9003.0703125
2020-05-06,1235517.0,9268.7617188
2020-05-07,1263995.0,9951.5185547
2020-05-08,1291643.0,9842.6660156
2020-05-09,1316511.0,9593.8964844
2020-05-10,1336828.0,8756.4306641
2020-05-11,1354449.0,8601.7958984
2020-05-12,1376749.0,8804.4775391
2020-05-13,1397894.0,9269.9873047
2020-05-14,1424856.0,9733.7216797
2020-05-15,1451093.0,9328.1972656
2020-05-16,1474752.0,9377.0136719
2020-05-17,1493766.0,9670.7392578
2020-05-18,1515593.0,9726.5751953
2020-05-19,1536570.0,9729.0380859
2020-05-20,1559640.0,9522.9814453
2020-05-21,1585373.0,9081.7617188
2020-05-22,1609172.0,9182.5771484
2020-05-23,1631440.0,9209.2871094
2020-05-24,1651471.0,8790.3681641
2020-05-25,1670571.0,8906.9345703
2020-05-26,1689467.0,8835.0527344
2020-05-27,1708211.0,9181.0175781
2020-05-28,1730723.0,9525.7509766
2020-05-29,1755271.0,9439.1240234
2020-05-30,1778668.0,9700.4140625
2020-05-31,1799302.0,9461.0585938
2020-06-01,1821199.0,10167.2685547
2020-06-02,1841990.0,9529.8037109
2020-06-03,1861977.0,9656.7177734
2020-06-04,1883593.0,9800.6367188
2020-06-05,1912302.0,9665.5332031
2020-06-06,1934818.0,9653.6796875
2020-06-07,1953434.0,9758.8525391
2020-06-08,1971641.0,9771.4892578
2020-06-09,1990446.0,9795.7001953
2020-06-10,2013298.0,9870.0947266
2020-06-11,2036500.0,9321.78125
2020-06-12,2061993.0,9480.84375
2020-06-13,2087327.0,9475.2773438
2020-06-14,2106457.0,9386.7880859
2020-06-15,2126574.0,9450.7021484
2020-06-16,2151459.0,9538.0244141
2020-06-17,2177114.0,9480.2548828
2020-06-18,2205173.0,9411.8408203
2020-06-19,2236009.0,9288.0185547
2020-06-20,2268034.0,9332.3408203
2020-06-21,2294413.0,9303.6298828
2020-06-22,2324879.0,9648.7177734
2020-06-23,2359939.0,9629.6582031
2020-06-24,2396928.0,9313.6103516
2020-06-25,2438101.0,9264.8134766
2020-06-26,2483629.0,9162.9179688
2020-06-27,2525928.0,9045.390625
2020-06-28,2565436.0,9143.5820312
2020-06-29,2604932.0,9190.8544922
2020-06-30,2653321.0,9137.9931641
2020-07-01,2703296.0,9228.3251953
2020-07-02,2758855.0,9123.4101562
2020-07-03,2816009.0,9087.3037109
2020-07-04,2866015.0,9132.4882812
2020-07-05,2910782.0,9073.9423828
2020-07-06,2958098.0,9375.4746094
2020-07-07,3012182.0,9252.2773438
2020-07-08,3071637.0,9428.3330078
2020-07-09,3131526.0,9277.9677734
2020-07-10,3199753.0,9278.8076172
2020-07-11,3260474.0,9240.3466797
2020-07-12,3318279.0,9276.5
2020-07-13,3379846.0,9243.6142578
2020-07-14,3445448.0,9243.2138672
2020-07-15,3513790.0,9192.8369141
2020-07-16,3589477.0,9132.2275391
2020-07-17,3660400.0,9151.3925781
2020-07-18,3722851.0,9159.0400391
2020-07-19,3785126.0,9185.8173828
2020-07-20,3845014.0,9164.2314453
2020-07-21,3910291.0,9374.8876953
2020-07-22,3980030.0,9525.3632812
2020-07-23,4050036.0,9581.0722656
2020-07-24,4123561.0,9536.8925781
2020-07-25,4190337.0,9677.1132812
2020-07-26,4244554.0,9905.1669922
2020-07-27,4303735.0,10990.8730469
2020-07-28,4366851.0,10912.8232422
2020-07-29,4433633.0,11100.4677734
2020-07-30,4502581.0,11111.2138672
2020-07-31,4571669.0,11323.4667969
2020-08-01,4628497.0,11759.5927734
2020-08-02,4679291.0,11053.6142578
2020-08-03,4726775.0,11246.3486328
2020-08-04,4780324.0,11205.8925781
2020-08-05,4834047.0,11747.0224609
2020-08-06,4891561.0,11779.7734375
2020-08-07,4952718.0,11601.4726562
2020-08-08,5007958.0,11754.0458984
2020-08-09,5056438.0,11675.7392578
2020-08-10,5103611.0,11878.1113281
2020-08-11,5156968.0,11410.5253906
2020-08-12,5211246.0,11584.9345703
2020-08-13,5265307.0,11784.1376953
2020-08-14,5324784.0,11768.8710938
2020-08-15,5375527.0,11865.6982422
2020-08-16,5417664.0,11892.8037109
2020-08-17,5455187.0,12254.4023438
2020-08-18,5498420.0,11991.2333984
2020-08-19,5541433.0,11758.2832031
2020-08-20,5587462.0,11878.3720703
2020-08-21,5636491.0,11592.4892578
2020-08-22,5681517.0,11681.8251953
2020-08-23,5713850.0,11664.8476562
2020-08-24,5754254.0,11774.5957031
2020-08-25,5793437.0,11366.1347656
2020-08-26,5838756.0,11488.3632812
2020-08-27,5884368.0,11323.3974609
2020-08-28,5930932.0,11542.5
2020-08-29,5975541.0,11506.8652344
2020-08-30,6008970.0,11711.5058594
2020-08-31,6045457.0,11680.8203125
2020-09-01,6089506.0,11970.4785156
2020-09-02,6121950.0,11414.0341797
2020-09-03,6168347.0,10245.296875
2020-09-04,6220448.0,10511.8134766
2020-09-05,6262701.0,10169.5673828
2020-09-06,6292699.0,10280.3515625
2020-09-07,6317865.0,10369.5634766
2020-09-08,6346807.0,10131.5166016
2020-09-09,6380139.0,10242.3476562
2020-09-10,6418200.0,10363.1386719
2020-09-11,6465767.0,10400.9150391
2020-09-12,6504871.0,10442.1708984
2020-09-13,6538214.0,10323.7558594
2020-09-14,6575101.0,10680.8378906
2020-09-15,6614318.0,10796.9511719
2020-09-16,6653586.0,10974.9052734
2020-09-17,6698896.0,10948.9902344
2020-09-18,6747783.0,10944.5859375
2020-09-19,6789594.0,11094.3466797
2020-09-20,6825950.0,10938.2714844
2020-09-21,6880902.0,10462.2597656
2020-09-22,6918293.0,10538.4599609
2020-09-23,6959842.0,10246.1865234
2020-09-24,7005046.0,10760.0664062
2020-09-25,7059627.0,10692.7167969
2020-09-26,7102322.0,10750.7236328
2020-09-27,7139620.0,10775.2695312
2020-09-28,7176980.0,10709.6523438
2020-09-29,7220677.0,10844.640625
2020-09-30,7262735.0,10784.4912109
2020-10-01,7309153.0,10619.4521484
2020-10-02,7362733.0,10575.9746094
2020-10-03,7410512.0,10549.3291016
2020-10-04,7445575.0,10669.5830078
2020-10-05,7507988.0,10793.3398438
2020-10-06,7550850.0,10604.40625
2020-10-07,7603867.0,10668.96875
2020-10-08,7660249.0,10915.6855469
2020-10-09,7719211.0,11064.4580078
2020-10-10,7770859.0,11296.3613281
2020-10-11,7815642.0,11384.1816406
2020-10-12,7863658.0,11555.3632812
2020-10-13,7918051.0,11425.8994141
2020-10-14,7977904.0,11429.5068359
2020-10-15,8043257.0,11495.3496094
2020-10-16,8113721.0,11322.1230469
2020-10-17,8166482.0,11358.1015625
2020-10-18,8214364.0,11483.359375
2020-10-19,8279804.0,11742.0371094
2020-10-20,8340398.0,11916.3349609
2020-10-21,8404635.0,12823.6894531
2020-10-22,8479765.0,12965.8916016
2020-10-23,8565062.0,12931.5390625
2020-10-24,8643641.0,13108.0625
2020-10-25,8703356.0,13031.1738281
2020-10-26,8777994.0,13075.2480469
2020-10-27,8852381.0,13654.21875
2020-10-28,8934263.0,13271.2851562
2020-10-29,9024932.0,13437.8828125
2020-10-30,9124800.0,13546.5224609
2020-10-31,9209007.0,13780.9951172
2020-11-01,9283202.0,13737.109375
2020-11-02,9377208.0,13550.4892578
2020-11-03,9469624.0,13950.3007812
2020-11-04,9577702.0,14133.7070312
2020-11-05,9699051.0,15579.8486328
2020-11-06,9831874.0,15565.8808594
2020-11-07,9957805.0,14833.7539062
2020-11-08,10061218.0,15479.5673828
2020-11-09,10191667.0,15332.3154297
2020-11-10,10331417.0,15290.9023438
2020-11-11,10474295.0,15701.3398438
2020-11-12,10637946.0,16276.34375
2020-11-13,10819442.0,16317.8085938
2020-11-14,10978475.0,16068.1386719
2020-11-15,11113661.0,15955.5878906
2020-11-16,11280224.0,16716.1113281
2020-11-17,11441855.0,17645.40625
2020-11-18,11614135.0,17804.0058594
2020-11-19,11801643.0,17817.0898438
2020-11-20,12000502.0,18621.3144531
2020-11-21,12172435.0,18642.2324219
2020-11-22,12313229.0,18370.0019531
2020-11-23,12492852.0,18364.1210938
2020-11-24,12670710.0,19107.4648438
2020-11-25,12851300.0,18732.1210938
2020-11-26,12954294.0,17150.6230469
2020-11-27,13160133.0,17108.4023438
2020-11-28,13311541.0,17717.4140625
2020-11-29,13447663.0,18177.484375
2020-11-30,13615321.0,19625.8359375
2020-12-01,13799549.0,18802.9980469
2020-12-02,14000721.0,19201.0917969
2020-12-03,14218459.0,19445.3984375
2020-12-04,14449827.0,18699.765625
2020-12-05,14655535.0,19154.2304688
2020-12-06,14827456.0,19345.1210938
2020-12-07,15031979.0,19191.6308594
2020-12-08,15251693.0,18321.1445312
2020-12-09,15471409.0,18553.9160156
2020-12-10,15696634.0,18264.9921875
2020-12-11,15977147.0,18058.9042969
2020-12-12,16184679.0,18803.65625
2020-12-13,16368898.0,19142.3828125
2020-12-14,16569783.0,19246.6445312
2020-12-15,16772936.0,19417.0761719
2020-12-16,17017763.0,21310.5976562
2020-12-17,17255472.0,22805.1621094
2020-12-18,17506662.0,23137.9609375
2020-12-19,17700567.0,23869.8320312
2020-12-20,17880478.0,23477.2949219
2020-12-21,18081996.0,22803.0820312
2020-12-22,18283633.0,23783.0292969
2020-12-23,18511396.0,23241.3457031
2020-12-24,18704907.0,23735.9492188
2020-12-25,18805838.0,24664.7910156
2020-12-26,19022699.0,26437.0371094
2020-12-27,19174788.0,26272.2949219
2020-12-28,19363798.0,27084.8085938
2020-12-29,19564828.0,27362.4375
2020-12-30,19793777.0,28840.953125
2020-12-31,20024801.0,29001.7207031
2021-01-01,20172049.0,29374.1523438
2021-01-02,20463659.0,32127.2675781
2021-01-03,20665439.0,32782.0234375
2021-01-04,20917269.0,31971.9140625
2021-01-05,21152285.0,33992.4296875
2021-01-06,21408251.0,36824.3632812
2021-01-07,21688585.0,39371.0429688
2021-01-08,21989362.0,40797.609375
2021-01-09,22241281.0,40254.546875
2021-01-10,22449576.0,38356.4414062
2021-01-11,22675892.0,35566.65625
2021-01-12,22905869.0,33922.9609375
2021-01-13,23135194.0,37316.359375
2021-01-14,23374716.0,39187.328125
2021-01-15,23614569.0,36825.3671875
2021-01-16,23816762.0,36178.140625
2021-01-17,23986856.0,35791.2773438
2021-01-18,24127989.0,36630.0742188
2021-01-19,24314933.0,36069.8046875
2021-01-20,24500421.0,35547.75
2021-01-21,24690903.0,30825.6992188
2021-01-22,24882468.0,33005.7617188
2021-01-23,25050385.0,32067.6425781
2021-01-24,25180061.0,32289.3789062
2021-01-25,25336637.0,32366.3925781
2021-01-26,25487275.0,32569.8496094
2021-01-27,25643045.0,30432.546875
2021-01-28,25809220.0,33466.0976562
2021-01-29,25973835.0,34316.3867188
2021-01-30,26107635.0,34269.5234375
2021-01-31,26221430.0,33114.359375
2021-02-01,26363284.0,33537.1757812
2021-02-02,26478540.0,35510.2890625
2021-02-03,26598723.0,37472.0898438
2021-02-04,26724359.0,36926.0664062
2021-02-05,26853860.0,38144.3085938
2021-02-06,26958807.0,39266.0117188
2021-02-07,27046088.0,38903.4414062
2021-02-08,27139070.0,46196.4648438
2021-02-09,27235460.0,46481.1054688
2021-02-10,27330435.0,44918.1835938
2021-02-11,27436075.0,47909.3320312
2021-02-12,27535702.0,47504.8515625
2021-02-13,27620354.0,47105.515625
2021-02-14,27684134.0,48717.2890625
2021-02-15,27739406.0,47945.0585938
2021-02-16,27803946.0,49199.8710938
2021-02-17,27874107.0,52149.0078125
2021-02-18,27945898.0,51679.796875
2021-02-19,28023910.0,55888.1328125
2021-02-20,28093630.0,56099.5195312
2021-02-21,28148810.0,57539.9453125
2021-02-22,28208276.0,54207.3203125
2021-02-23,28280189.0,48824.4257812
2021-02-24,28354383.0,49705.3320312
2021-02-25,28432264.0,47093.8515625
2021-02-26,28510582.0,46339.7617188
2021-02-27,28573256.0,46188.453125
2021-02-28,28624161.0,45137.7695312
2021-03-01,28680857.0,49631.2421875
2021-03-02,28738501.0,48378.9882812
2021-03-03,28805113.0,50538.2421875
2021-03-04,28872395.0,48561.1679688
2021-03-05,28938090.0,48927.3046875
2021-03-06,28994675.0,48912.3828125
2021-03-07,29034739.0,51206.6914062
2021-03-08,29129252.0,52246.5234375
2021-03-09,29185151.0,54824.1171875
2021-03-10,29243346.0,56008.5507812
2021-03-11,29305733.0,57805.1210938
2021-03-12,29369899.0,57332.0898438
2021-03-13,29419456.0,61243.0859375
2021-03-14,29457445.0,59302.3164062
2021-03-15,29514609.0,55907.1992188
2021-03-16,29569140.0,56804.9023438
2021-03-17,29628071.0,58870.8945312
2021-03-18,29688541.0,57858.921875
2021-03-19,29749164.0,58346.6523438
2021-03-20,29803589.0,58313.6445312
2021-03-21,29837782.0,57523.421875
2021-03-22,29892498.0,54529.1445312
2021-03-23,29949244.0,54738.9453125
2021-03-24,30029147.0,52774.265625
2021-03-25,30098263.0,51704.1601562
2021-03-26,30172762.0,55137.3125
2021-03-27,30233462.0,55973.5117188
2021-03-28,30277977.0,55950.7460938
2021-03-29,30348716.0,57750.1992188
2021-03-30,30410950.0,58917.6914062
2021-03-31,30478886.0,58918.8320312
2021-04-01,30556079.0,59095.8085938
2021-04-02,30624668.0,59384.3125
2021-04-03,30688804.0,57603.890625
2021-04-04,30725627.0,58758.5546875
2021-04-05,30802221.0,59057.8789062
2021-04-06,30864193.0,58192.359375
2021-04-07,30937283.0,56048.9375
2021-04-08,31017741.0,58323.953125
2021-04-09,31099323.0,58245.0039062
2021-04-10,31164081.0,59793.234375
2021-04-11,31212058.0,60204.9648438
2021-04-12,31283990.0,59893.453125
2021-04-13,31361311.0,63503.4570312
2021-04-14,31437061.0,63109.6953125
2021-04-15,31510755.0,63314.0117188
2021-04-16,31589109.0,61572.7890625
2021-04-17,31642983.0,60683.8203125
2021-04-18,31684382.0,56216.1835938
2021-04-19,31754642.0,55724.265625
2021-04-20,31815666.0,56473.03125
2021-04-21,31878161.0,53906.0898438
2021-04-22,31944402.0,51762.2734375
2021-04-23,32008186.0,51093.6523438
2021-04-24,32058654.0,50050.8671875
2021-04-25,32092245.0,49004.2539062
2021-04-26,32139580.0,54021.7539062
2021-04-27,32191457.0,55033.1171875
2021-04-28,32246275.0,54824.703125
2021-04-29,32303857.0,53555.109375
2021-04-30,32362374.0,57750.1757812
2021-05-01,32407133.0,57828.0507812
2021-05-02,32436765.0,56631.078125
2021-05-03,32486709.0,57200.2929688
2021-05-04,32527664.0,53333.5390625
2021-05-05,32572383.0,57424.0078125
2021-05-06,32620077.0,56396.515625
2021-05-07,32667570.0,57356.4023438
2021-05-08,32701236.0,58803.7773438
2021-05-09,32723564.0,58232.3164062
2021-05-10,32760121.0,55859.796875
2021-05-11,32794162.0,56704.5742188
2021-05-12,32829645.0,49150.5351562
2021-05-13,32868084.0,49716.1914062
2021-05-14,32909065.0,49880.5351562
2021-05-15,32938115.0,46760.1875
2021-05-16,32954825.0,46456.0585938
2021-05-17,32984032.0,43537.5117188
2021-05-18,33011895.0,42909.4023438
2021-05-19,33040689.0,37002.4414062
2021-05-20,33070307.0,40782.7382812
2021-05-21,33099318.0,37304.6914062
2021-05-22,33117634.0,37536.6328125
2021-05-23,33131784.0,34770.5820312
2021-05-24,33157412.0,38705.9804688
2021-05-25,33180250.0,38402.2226562
2021-05-26,33203636.0,39294.1992188
2021-05-27,33231383.0,38436.96875
2021-05-28,33253407.0,35697.6054688
2021-05-29,33264967.0,34616.0664062
2021-05-30,33272409.0,35678.1289062
2021-05-31,33277912.0,37332.8554688
2021-06-01,33300482.0,36684.9257812
2021-06-02,33317340.0,37575.1796875
2021-06-03,33336811.0,39208.765625
2021-06-04,33312812.0,36894.40625
2021-06-05,33323260.0,35551.9570312
2021-06-06,33329413.0,35862.3789062
2021-06-07,33348865.0,33560.7070312
2021-06-08,33363050.0,33472.6328125
2021-06-09,33383714.0,37345.1210938
2021-06-10,33399513.0,36702.5976562
2021-06-11,33416340.0,37334.3984375
2021-06-12,33424619.0,35552.515625
2021-06-13,33431406.0,39097.859375
2021-06-14,33446525.0,40218.4765625
2021-06-15,33458397.0,40406.2695312
2021-06-16,33472808.0,38347.0625
2021-06-17,33484995.0,38053.5039062
2021-06-18,33497695.0,35787.2460938
2021-06-19,33505275.0,35615.8710938
2021-06-20,33509338.0,35698.296875
2021-06-21,33525182.0,31676.6933594
2021-06-22,33537943.0,32505.6601562
2021-06-23,33551974.0,33723.0273438
2021-06-24,33566669.0,34662.4375
2021-06-25,33581632.0,31637.7792969
2021-06-26,33588423.0,32186.2773438
2021-06-27,33592510.0,34649.6445312
2021-06-28,33608058.0,34434.3359375
2021-06-29,33623787.0,35867.7773438
2021-06-30,33639764.0,35040.8359375
2021-07-01,33704723.0,33572.1171875
2021-07-02,33725159.0,33897.046875
2021-07-03,33729152.0,34668.546875
2021-07-04,33732074.0,35287.78125
2021-07-05,33736665.0,33746.0039062
2021-07-06,33763742.0,34235.1953125
2021-07-07,33793961.0,33855.328125
2021-07-08,33843194.0,32877.3710938
2021-07-09,33878529.0,33798.0117188
2021-07-10,33886287.0,33520.5195312
2021-07-11,33891830.0,34240.1875
2021-07-12,33927213.0,33155.8476562
2021-07-13,33970195.0,32702.0253906
2021-07-14,34008250.0,32822.3476562
2021-07-15,34044268.0,31780.7304688
2021-07-16,34096492.0,31421.5390625
2021-07-17,34108937.0,31533.0683594
2021-07-18,34117964.0,31796.8105469
2021-07-19,34177146.0,30817.8320312
2021-07-20,34239257.0,29807.3476562
2021-07-21,34299048.0,32110.6933594
2021-07-22,34364548.0,32313.1054688
2021-07-23,34447610.0,33581.5507812
2021-07-24,34469200.0,34292.4453125
2021-07-25,34483033.0,35350.1875
2021-07-26,34576119.0,37337.5351562
2021-07-27,34682937.0,39406.9414062
2021-07-28,34767898.0,39995.90625
2021-07-29,34866192.0,40008.421875
2021-07-30,34988866.0,42235.546875
2021-07-31,35018564.0,41626.1953125
2021-08-01,35041458.0,39974.8945312
2021-08-02,35177628.0,39201.9453125
2021-08-03,35327939.0,38152.9804688
2021-08-04,35440283.0,39747.5039062
2021-08-05,35567255.0,40869.5546875
2021-08-06,35735606.0,42816.5
2021-08-07,35777721.0,44555.8007812
2021-08-08,35813789.0,43798.1171875
2021-08-09,35992480.0,46365.4023438
2021-08-10,36154571.0,45585.03125
2021-08-11,36310148.0,45593.6367188
2021-08-12,36448857.0,44428.2890625
2021-08-13,36636249.0,47793.3203125
2021-08-14,36686066.0,47096.9453125
2021-08-15,36729884.0,47047.0039062
2021-08-16,36989377.0,46004.484375
2021-08-17,37133674.0,44695.359375
2021-08-18,37298285.0,44801.1875
2021-08-19,37458037.0,46717.578125
2021-08-20,37657643.0,49339.1757812
2021-08-21,37737034.0,48905.4921875
2021-08-22,37777607.0,49321.6523438
2021-08-23,38043754.0,49546.1484375
2021-08-24,38193951.0,47706.1171875
2021-08-25,38364887.0,48960.7890625
2021-08-26,38552648.0,46942.21875
2021-08-27,38748559.0,49058.6679688
2021-08-28,38833818.0,48902.4023438
2021-08-29,38875976.0,48829.8320312
2021-08-30,39156379.0,47054.984375
2021-08-31,39316629.0,47166.6875
2021-09-01,39527624.0,48847.0273438
2021-09-02,39703320.0,49327.7226562
2021-09-03,39894795.0,50025.375
2021-09-04,39960849.0,49944.625
2021-09-05,40005266.0,51753.4101562
2021-09-06,40082242.0,52633.5351562
2021-09-07,40383380.0,46811.1289062
2021-09-08,40567569.0,46091.390625
2021-09-09,40738140.0,46391.421875
2021-09-10,40914456.0,44883.9101562
2021-09-11,40988382.0,45201.4570312
2021-09-12,41027940.0,46063.2695312
2021-09-13,41312998.0,44963.0742188
2021-09-14,41465694.0,47092.4921875
2021-09-15,41635889.0,48176.3476562
2021-09-16,41790772.0,47783.359375
2021-09-17,41957710.0,47267.5195312
2021-09-18,42025890.0,48278.3632812
2021-09-19,42065846.0,47260.21875
2021-09-20,42274012.0,42843.8007812
2021-09-21,42403987.0,40693.6757812
2021-09-22,42551480.0,43574.5078125
2021-09-23,42679344.0,44895.0976562
2021-09-24,42819355.0,42839.75
2021-09-25,42870947.0,42716.59375
2021-09-26,42905182.0,43208.5390625
2021-09-27,43099971.0,42235.7304688
2021-09-28,43213311.0,41034.5429688
2021-09-29,43341823.0,41564.3632812
2021-09-30,43458032.0,43790.8945312
2021-10-01,43583808.0,48116.9414062
2021-10-02,43628030.0,47711.4882812
2021-10-03,43653869.0,48199.953125
2021-10-04,43826568.0,49112.9023438
2021-10-05,43925170.0,51514.8125
2021-10-06,44051125.0,55361.4492188
2021-10-07,44156527.0,53805.984375
2021-10-08,44269453.0,53967.8476562
2021-10-09,44306787.0,54968.2226562
2021-10-10,44329826.0,54771.578125
2021-10-11,44453506.0,57484.7890625
2021-10-12,44565082.0,56041.0585938
2021-10-13,44671639.0,57401.0976562
2021-10-14,44760608.0,57321.5234375
2021-10-15,44859168.0,61593.9492188
2021-10-16,44892709.0,60892.1796875
2021-10-17,44914861.0,61553.6171875
2021-10-18,45036894.0,62026.078125
2021-10-19,45120577.0,64261.9921875
2021-10-20,45207199.0,65992.8359375
2021-10-21,45289145.0,62210.171875
2021-10-22,45376442.0,60692.265625
2021-10-23,45406266.0,61393.6171875
2021-10-24,45423368.0,60930.8359375
2021-10-25,45528929.0,63039.8242188
2021-10-26,45616352.0,60363.7929688
2021-10-27,45710896.0,58482.3867188
2021-10-28,45797081.0,60622.1367188
2021-10-29,45885804.0,62227.9648438
2021-10-30,45915215.0,61888.8320312
2021-10-31,45934098.0,61318.9570312
2021-11-01,46058668.0,61004.40625
2021-11-02,46135611.0,63226.4023438
2021-11-03,46220455.0,62970.046875
2021-11-04,46303542.0,61452.2304688
2021-11-05,46395310.0,61125.6757812
2021-11-06,46427249.0,61527.4804688
2021-11-07,46449334.0,63326.9882812
2021-11-08,46575795.0,67566.828125
2021-11-09,46658774.0,66971.828125
2021-11-10,46757836.0,64995.2304688
2021-11-11,46822437.0,64949.9609375
2021-11-12,46951788.0,64155.9414062
2021-11-13,47013185.0,64469.5273438
2021-11-14,47036794.0,65466.8398438
2021-11-15,47185418.0,63557.8710938
2021-11-16,47275904.0,60161.2460938
2021-11-17,47390261.0,60368.0117188
2021-11-18,47500534.0,56942.1367188
2021-11-19,47620182.0,58119.578125
2021-11-20,47661246.0,59697.1953125
2021-11-21,47692618.0,58730.4765625
2021-11-22,47851516.0,56289.2890625
2021-11-23,47944287.0,57569.0742188
2021-11-24,48064179.0,56280.4257812
2021-11-25,48095032.0,57274.6796875
2021-11-26,48146557.0,53569.765625
2021-11-27,48171236.0,54815.078125
2021-11-28,48195186.0,57248.4570312
2021-11-29,48411498.0,57806.5664062
2021-11-30,48520792.0,57005.4257812
2021-12-01,48660112.0,57229.828125
2021-12-02,48798824.0,56477.8164062
2021-12-03,48952069.0,53598.2460938
2021-12-04,49010213.0,49200.703125
2021-12-05,49044786.0,49368.8476562
2021-12-06,49242230.0,50582.625
2021-12-07,49356227.0,50700.0859375
2021-12-08,49505272.0,50504.796875
2021-12-09,49628777.0,47672.1210938
2021-12-10,49793839.0,47243.3046875
2021-12-11,49845184.0,49362.5078125
2021-12-12,49881540.0,50098.3359375
2021-12-13,50084423.0,46737.4804688
2021-12-14,50201282.0,46612.6328125
2021-12-15,50346558.0,48896.7226562
2021-12-16,50492877.0,47665.4257812
2021-12-17,50664022.0,46202.1445312
2021-12-18,50738685.0,46848.7773438
2021-12-19,50811164.0,46707.015625
2021-12-20,51114064.0,46880.2773438
2021-12-21,51303535.0,48936.6132812
2021-12-22,51547227.0,48628.5117188
2021-12-23,51812442.0,50784.5390625
2021-12-24,51996367.0,50822.1953125
2021-12-25,52054715.0,50429.859375
2021-12-26,52244429.0,50809.515625
2021-12-27,52787969.0,50640.4179688
2021-12-28,53168681.0,47588.8554688
2021-12-29,53657745.0,46444.7109375
2021-12-30,54242800.0,47178.125
2021-12-31,54689367.0,46306.4453125
2022-01-01,54850427.0,47728.404987
2022-01-02,55137064.0,47291.603462
2022-01-03,56155999.0,46449.647765
2022-01-04,57041905.0,45827.67938
2022-01-05,57745969.0,43446.051028
2022-01-06,58505187.0,43085.883286
2022-01-07,59405357.0,41562.623288
2022-01-08,59851597.0,41681.742269
2022-01-09,60166932.0,41866.840544
2022-01-10,61600909.0,41827.987032
2022-01-11,62370837.0,42738.119577
2022-01-12,63251111.0,43909.376583
2022-01-13,64120526.0,42567.830178
2022-01-14,65053852.0,43071.787647
2022-01-15,65477079.0,43086.100428
2022-01-16,65814886.0,43080.734557
2022-01-17,66526937.0,42208.769398
2022-01-18,67705340.0,42360.423359
2022-01-19,68557295.0,41666.793044
2022-01-20,69305615.0,40680.16799
2022-01-21,70130930.0,36443.865416
2022-01-22,70468314.0,35077.248741
2022-01-23,70667795.0,36264.762915
2022-01-24,71699954.0,36679.453408
2022-01-25,72210867.0,36968.320511
2022-01-26,72895313.0,36818.439327
2022-01-27,73425577.0,37172.183558
2022-01-28,73981352.0,37728.077653
2022-01-29,74223465.0,38175.337694
2022-01-30,74327523.0,37890.868229
2022-01-31,74989495.0,38478.963542
2022-02-01,75285900.0,38703.603955
2022-02-02,75610929.0,36904.60484
2022-02-03,75923171.0,37306.103338
2022-02-04,76236151.0,41585.843451
2022-02-05,76359918.0,41392.325568
2022-02-06,76418395.0,42391.86939
2022-02-07,76766514.0,43850.122531
2022-02-08,76961010.0,44056.690094
2022-02-09,77187359.0,44389.815822
2022-02-10,77360952.0,43508.591844
2022-02-11,77530775.0,42382.146428
2022-02-12,77594737.0,42226.487134
2022-02-13,77629125.0,42061.859322
2022-02-14,77835449.0,42542.898677
2022-02-15,77950961.0,44556.618133
2022-02-16,78092141.0,43881.746655
2022-02-17,78196006.0,40526.510616
2022-02-18,78305615.0,39981.937395
2022-02-19,78351826.0,40089.154019
2022-02-20,78377993.0,38391.565453
2022-02-21,78433652.0,37017.579074
2022-02-22,78556769.0,38242.353621
2022-02-23,78641313.0,37259.471691
2022-02-24,78714719.0,38340.954437
2022-02-25,78800705.0,39226.783179
2022-02-26,78825927.0,39123.091328
2022-02-27,78835013.0,37706.95408
2022-02-28,78942813.0,43174.246467
2022-03-01,78986396.0,44428.314506
2022-03-02,79044542.0,43903.794749
2022-03-03,79096279.0,42459.032998
2022-03-04,79145866.0,39154.930714
2022-03-05,79162481.0,39400.141719
2022-03-06,79169256.0,38419.537142
2022-03-07,79232308.0,37993.128451
2022-03-08,79266324.0,38737.624946
2022-03-09,79314028.0,41949.42434
2022-03-10,79352221.0,39427.807203
2022-03-11,79396596.0,38731.322893
2022-03-12,79407518.0,38808.573493
2022-03-13,79413908.0,37780.412615
2022-03-14,79462956.0,39677.151828
2022-03-15,79511352.0,39288.68358
2022-03-16,79550748.0,41120.438865
2022-03-17,79586734.0,40928.814332
2022-03-18,79623203.0,41764.139065
2022-03-19,79635322.0,42209.016617
2022-03-20,79643175.0,41267.854704
2022-03-21,79689310.0,41006.853795
2022-03-22,79714979.0,42368.578942
2022-03-23,79762066.0,42887.819576
2022-03-24,79799812.0,43997.898704
2022-03-25,79833549.0,44319.270305
2022-03-26,79845604.0,44520.078432
2022-03-27,79853102.0,46831.209869
2022-03-28,79895338.0,47005.065854
2022-03-29,79920966.0,47438.268194
2022-03-30,79966408.0,47062.210437
2022-03-31,80004185.0,45525.570292
2022-04-01,80036620.0,46286.587191
2022-04-02,80048015.0,45813.694127
2022-04-03,80052942.0,46408.990967
2022-04-04,80093982.0,46588.603093
2022-04-05,80124875.0,45515.784183
2022-04-06,80174198.0,43174.181116
2022-04-07,80209904.0,43477.963571
2022-04-08,80254009.0,42260.401006
2022-04-09,80267530.0,42775.756519
2022-04-10,80275715.0,42208.214057
2022-04-11,80325700.0,39531.651392
2022-04-12,80354734.0,40089.714253
2022-04-13,80408643.0,41148.167246
2022-04-14,80466106.0,39945.406436
2022-04-15,80513724.0,40555.339146
2022-04-16,80524627.0,40382.768603
2022-04-17,80535906.0,39681.660923
2022-04-18,80595982.0,40803.686153
2022-04-19,80646004.0,41497.178063
2022-04-20,80708901.0,41363.999907
2022-04-21,80768167.0,40487.074774
2022-04-22,80836264.0,39711.542325
2022-04-23,80855181.0,39447.410895
2022-04-24,80867572.0,39455.314819
2022-04-25,80942184.0,40432.877773
2022-04-26,80996837.0,38122.013527
2022-04-27,81081307.0,39242.017236
2022-04-28,81154876.0,39743.879754
2022-04-29,81236707.0,38595.557506
2022-04-30,81259033.0,37648.247061
2022-05-01,81274401.0,38471.331343
2022-05-02,81370245.0,38521.087963
2022-05-03,81439579.0,37727.704521
2022-05-04,81541529.0,39686.785687
2022-05-05,81634962.0,36552.633881
2022-05-06,81730174.0,36013.085887
2022-05-07,81760532.0,35472.40587
2022-05-08,81772325.0,34038.742977
2022-05-09,81884978.0,30192.335684
2022-05-10,81978601.0,31022.479404
2022-05-11,82140136.0,29044.328161
2022-05-12,82255493.0,29029.862934
2022-05-13,82369958.0,29276.287579
2022-05-14,82395023.0,30008.288906
2022-05-15,82414462.0,31244.63895
2022-05-16,82564280.0,29863.189437
2022-05-17,82698373.0,30434.693325
2022-05-18,82867288.0,28669.95068
2022-05-19,82988450.0,30332.662711
2022-05-20,83128466.0,29183.30523
2022-05-21,83165773.0,29432.661253
2022-05-22,83187760.0,30283.993262
2022-05-23,83320644.0,29099.315853
2022-05-24,83453009.0,29649.567729
2022-05-25,83640539.0,29532.119065
2022-05-26,83765180.0,29258.072989
2022-05-27,83904091.0,28593.926055
2022-05-28,83917853.0,29005.5109
2022-05-29,83926898.0,29443.406714
2022-05-30,83959050.0,31716.746468
2022-05-31,84141433.0,31776.885294
2022-06-01,84360700.0,29783.312922
2022-06-02,84472070.0,30435.880872
2022-06-03,84614282.0,29677.954238
2022-06-04,84657932.0,29840.66978
2022-06-05,84674411.0,29898.697752
2022-06-06,84811514.0,31348.066138
2022-06-07,84954327.0,31137.412419
2022-06-08,85133541.0,30186.021402
2022-06-09,85251252.0,30086.428371
2022-06-10,85387293.0,29064.323001
2022-06-11,85422666.0,28389.40731
2022-06-12,85441059.0,26714.703282
2022-06-13,85566462.0,22476.378892
2022-06-14,85701877.0,22119.910075
2022-06-15,85873952.0,22525.789737
2022-06-16,85978149.0,20380.54988
2022-06-17,86094706.0,20437.297839
2022-06-18,86109471.0,18948.011903
2022-06-19,86124078.0,20551.354177
2022-06-20,86178274.0,20549.781104
2022-06-21,86388012.0,20682.472978
2022-06-22,86558894.0,19963.395876
2022-06-23,86675387.0,21093.792821
2022-06-24,86830946.0,21219.24333
2022-06-25,86878615.0,21463.479213
2022-06-26,86896853.0,21026.640586
2022-06-27,87029092.0,20720.192325
2022-06-28,87151380.0,20255.181441
2022-06-29,87347743.0,20083.894463
2022-06-30,87471461.0,19823.848537
2022-07-01,87623722.0,19215.355964
2022-07-02,87636042.0,19228.307446
2022-07-03,87642903.0,19293.133879
2022-07-04,87678565.0,20211.898399
2022-07-05,87859451.0,20155.541698
2022-07-06,88100156.0,20544.659914
2022-07-07,88224768.0,21613.294974
2022-07-08,88392827.0,21748.986489
2022-07-09,88416413.0,21581.149864
2022-07-10,88438982.0,20849.881221
2022-07-11,88614311.0,19949.732274
2022-07-12,88798580.0,19284.586708
2022-07-13,88990197.0,20232.262428
2022-07-14,89134380.0,20559.173155
2022-07-15,89304262.0,20819.229059
2022-07-16,89325304.0,21206.482984
2022-07-17,89347275.0,20784.1097
2022-07-18,89517723.0,22436.864031
2022-07-19,89678594.0,23394.006068
2022-07-20,89884217.0,23261.461297
2022-07-21,90037728.0,23154.407259
2022-07-22,90203417.0,22685.195067
2022-07-23,90227668.0,22458.94417
2022-07-24,90249168.0,22579.536857
2022-07-25,90416871.0,21318.868671
2022-07-26,90581106.0,21259.25258
2022-07-27,90808119.0,22948.034469
2022-07-28,90957226.0,23855.111873
2022-07-29,91096522.0,23756.561156
2022-07-30,91108489.0,23661.660268
2022-07-31,91119354.0,23327.125606
2022-08-01,91296080.0,23295.028353
2022-08-02,91404290.0,22991.365429
2022-08-03,91622134.0,22838.837374
2022-08-04,91786865.0,22625.621982
2022-08-05,91918779.0,23310.571255
2022-08-06,91929565.0,22946.759104
2022-08-07,91939646.0,23176.949949
2022-08-08,92085090.0,23801.155977
2022-08-09,92213737.0,23154.407612
2022-08-10,92388899.0,23962.391334
2022-08-11,92526488.0,23943.380507
2022-08-12,92648256.0,24414.943841
2022-08-13,92655110.0,24454.455024
2022-08-14,92665814.0,24303.705695
2022-08-15,92795274.0,24102.058707
2022-08-16,92915793.0,23859.379663
2022-08-17,93075896.0,23346.237582
2022-08-18,93202262.0,23192.934809
2022-08-19,93310753.0,20838.0971
2022-08-20,93318680.0,21139.992421
2022-08-21,93327202.0,21516.149034
2022-08-22,93447844.0,21400.434766
2022-08-23,93553047.0,21526.88835
2022-08-24,93727409.0,21367.940153
2022-08-25,93838712.0,21557.502286
2022-08-26,93939058.0,20238.544161
2022-08-27,,20033.842427
2022-08-28,,19996.392242
